,Word,OccurTotal,OccurNum,Freq_pm,Rating.Mean,Rating.SD,Dunno,agebin,agebin_small,logfreq,freqbin,wordlen,cvc,bin
17425,mom,18,18,430.39,2.22,1.22,1,NA,NA,2.633862172,"(2,3]",3,TRUE,NA
17904,nap,19,19,12.65,2.53,0.77,1,NA,NA,1.102090526,"(1,2]",3,TRUE,NA
6690,dad,19,19,507.25,2.58,1.17,1,NA,NA,2.705222056,"(2,3]",3,TRUE,NA
13214,hug,19,19,19.33,2.58,0.96,1,NA,NA,1.286231854,"(1,2]",3,TRUE,NA
1936,bad,19,19,545.18,2.79,1.27,1,NA,NA,2.736539915,"(2,3]",3,TRUE,NA
8138,dog,20,20,192.84,2.8,1.2,1,NA,NA,2.285197123,"(2,3]",3,TRUE,NA
2302,bed,19,19,187.12,2.89,1.41,1,NA,NA,2.272120209,"(2,3]",3,TRUE,NA
2544,big,18,18,682.82,2.89,1.08,1,NA,NA,2.834306233,"(2,3]",3,TRUE,NA
15589,leg,18,18,56.51,3,1.5,1,NA,NA,1.752125307,"(1,2]",3,TRUE,NA
16417,man,19,19,1845.75,3.11,1.24,1,"(3,3.5]","(3,3.25]",3.266172877,"(3,4]",3,TRUE,"(3,3.5].(3,4].3"
15407,lap,20,20,13.47,3.15,1.18,1,"(3,3.5]","(3,3.25]",1.129367596,"(1,2]",3,TRUE,"(3,3.5].(1,2].3"
11511,get,18,18,4583.76,3.17,1.29,1,"(3,3.5]","(3,3.25]",3.66122187,"(3,4]",3,TRUE,"(3,3.5].(3,4].3"
23628,sad,21,21,63.37,3.24,2.21,1,"(3,3.5]","(3,3.25]",1.801883707,"(1,2]",3,TRUE,"(3,3.5].(1,2].3"
12501,hat,18,18,64.18,3.33,1.14,1,"(3,3.5]","(3.25,3.5]",1.807399713,"(1,2]",3,TRUE,"(3,3.5].(1,2].3"
3931,car,19,19,483.06,3.37,1.95,1,"(3,3.5]","(3.25,3.5]",2.684001077,"(2,3]",3,TRUE,"(3,3.5].(2,3].3"
13141,hot,19,19,189.84,3.37,1.77,1,"(3,3.5]","(3.25,3.5]",2.278387725,"(2,3]",3,TRUE,"(3,3.5].(2,3].3"
26610,sun,20,20,69.67,3.4,1.64,1,"(3,3.5]","(3.25,3.5]",1.843045811,"(1,2]",3,TRUE,"(3,3.5].(1,2].3"
12869,him,21,21,3484.51,3.43,1.21,1,"(3,3.5]","(3.25,3.5]",3.542141715,"(3,4]",3,TRUE,"(3,3.5].(3,4].3"
24893,sit,19,19,311.35,3.47,2.25,1,"(3,3.5]","(3.25,3.5]",2.49324887,"(2,3]",3,TRUE,"(3,3.5].(2,3].3"
16261,mad,20,20,113.41,3.55,1.5,1,"(3.5,4]","(3.5,3.75]",2.05465135,"(2,3]",3,TRUE,"(3.5,4].(2,3].3"
6549,cup,21,21,51.65,3.57,1.99,1,"(3.5,4]","(3.5,3.75]",1.713070326,"(1,2]",3,TRUE,"(3.5,4].(1,2].3"
27314,ten,21,21,145,3.58,1.49,1,"(3.5,4]","(3.5,3.75]",2.161368002,"(2,3]",3,TRUE,"(3.5,4].(2,3].3"
11138,fun,18,18,235.49,3.67,0.97,1,"(3.5,4]","(3.5,3.75]",2.37197247,"(2,3]",3,TRUE,"(3.5,4].(2,3].3"
4106,cat,22,22,66.33,3.68,1.52,1,"(3.5,4]","(3.5,3.75]",1.821709997,"(1,2]",3,TRUE,"(3.5,4].(1,2].3"
22436,red,19,19,148.06,3.68,1.63,1,"(3.5,4]","(3.5,3.75]",2.170437745,"(2,3]",3,TRUE,"(3.5,4].(2,3].3"
12891,his,21,21,2124.78,3.69,1.29,1,"(3.5,4]","(3.5,3.75]",3.32731397,"(3,4]",3,TRUE,"(3.5,4].(3,4].3"
21796,put,18,18,828.45,3.72,2.3,1,"(3.5,4]","(3.5,3.75]",2.918266302,"(2,3]",3,TRUE,"(3.5,4].(2,3].3"
25401,son,18,18,410.76,3.78,1.26,1,"(3.5,4]","(3.75,4]",2.613588145,"(2,3]",3,TRUE,"(3.5,4].(2,3].3"
3472,bug,19,19,20.94,3.79,1.72,1,"(3.5,4]","(3.75,4]",1.320976677,"(1,2]",3,TRUE,"(3.5,4].(1,2].3"
15859,lip,19,19,10.75,3.79,1.13,1,"(3.5,4]","(3.75,4]",1.031408464,"(1,2]",3,TRUE,"(3.5,4].(1,2].3"
20296,pig,19,19,39.14,3.84,2.03,1,"(3.5,4]","(3.75,4]",1.592620821,"(1,2]",3,TRUE,"(3.5,4].(1,2].3"
3598,bus,20,20,74.18,3.85,1.57,1,"(3.5,4]","(3.75,4]",1.870286829,"(1,2]",3,TRUE,"(3.5,4].(1,2].3"
18437,not,21,21,5424.96,3.89,2.22,1,"(3.5,4]","(3.75,4]",3.73439654,"(3,4]",3,TRUE,"(3.5,4].(3,4].3"
27846,top,18,18,133.43,3.89,1.53,1,"(3.5,4]","(3.75,4]",2.125253486,"(2,3]",3,TRUE,"(3.5,4].(2,3].3"
28332,tub,20,20,12.69,3.95,1.64,1,"(3.5,4]","(3.75,4]",1.103461622,"(1,2]",3,TRUE,"(3.5,4].(1,2].3"
17687,mud,20,20,14.82,4.05,1.61,1,"(4,4.5]","(4,4.25]",1.170848204,"(1,2]",3,TRUE,"(4,4.5].(1,2].3"
20098,pet,19,19,20.18,4.05,1.87,1,"(4,4.5]","(4,4.25]",1.304921162,"(1,2]",3,TRUE,"(4,4.5].(1,2].3"
12342,ham,20,20,11.59,4.1,1.48,1,"(4,4.5]","(4,4.25]",1.064083436,"(1,2]",3,TRUE,"(4,4.5].(1,2].3"
7570,dig,21,21,46.22,4.19,2.34,1,"(4,4.5]","(4,4.25]",1.664829941,"(1,2]",3,TRUE,"(4,4.5].(1,2].3"
24879,sip,19,19,5.1,4.26,1.37,1,"(4,4.5]","(4.25,4.5]",0.707570176,"(0,1]",3,TRUE,"(4,4.5].(0,1].3"
1949,bag,18,18,94.04,4.28,1.56,1,"(4,4.5]","(4.25,4.5]",1.97331262,"(1,2]",3,TRUE,"(4,4.5].(1,2].3"
15130,kid,18,18,339.2,4.28,1.56,1,"(4,4.5]","(4.25,4.5]",2.530455844,"(2,3]",3,TRUE,"(4,4.5].(2,3].3"
3160,box,20,20,89.75,4.3,1.66,1,"(4,4.5]","(4.25,4.5]",1.953034457,"(1,2]",3,TRUE,"(4,4.5].(1,2].3"
3812,can,19,19,5247.45,4.32,2.26,1,"(4,4.5]","(4.25,4.5]",3.719948309,"(3,4]",3,TRUE,"(4,4.5].(3,4].3"
8233,dot,18,18,6.63,4.33,1.41,1,"(4,4.5]","(4.25,4.5]",0.821513528,"(0,1]",3,TRUE,"(4,4.5].(0,1].3"
11736,god,22,22,903.16,4.35,2.38,1,"(4,4.5]","(4.25,4.5]",2.955764695,"(2,3]",3,TRUE,"(4,4.5].(2,3].3"
10744,for,22,22,6895.1,4.39,1.97,1,"(4,4.5]","(4.25,4.5]",3.838540569,"(3,4]",3,TRUE,"(4,4.5].(3,4].3"
6625,cut,21,21,229.76,4.43,1.72,1,"(4,4.5]","(4.25,4.5]",2.361274423,"(2,3]",3,TRUE,"(4,4.5].(2,3].3"
23564,run,19,19,350.55,4.47,1.9,1,"(4,4.5]","(4.25,4.5]",2.544749971,"(2,3]",3,TRUE,"(4,4.5].(2,3].3"
20764,pop,22,22,67.47,4.48,1.59,1,"(4,4.5]","(4.25,4.5]",1.82911071,"(1,2]",3,TRUE,"(4,4.5].(1,2].3"
15663,let,19,19,2419.24,4.53,2.09,1,"(4.5,5]","(4.5,4.75]",3.383678955,"(3,4]",3,TRUE,"(4.5,5].(3,4].3"
20343,pin,19,19,16.37,4.53,1.39,1,"(4.5,5]","(4.5,4.75]",1.214048679,"(1,2]",3,TRUE,"(4.5,5].(1,2].3"
3626,but,21,21,4417.47,4.6,2.45,1,"(4.5,5]","(4.5,4.75]",3.645173609,"(3,4]",3,TRUE,"(4.5,5].(3,4].3"
23541,rug,18,18,10.41,4.61,1.61,1,"(4.5,5]","(4.5,4.75]",1.01745073,"(1,2]",3,TRUE,"(4.5,5].(1,2].3"
16640,mat,21,21,3.49,4.62,2.22,1,"(4.5,5]","(4.5,4.75]",0.542825427,"(0,1]",3,TRUE,"(4.5,5].(0,1].3"
2590,bin,19,19,5.37,4.68,2.67,1,"(4.5,5]","(4.5,4.75]",0.729974286,"(0,1]",3,TRUE,"(4.5,5].(0,1].3"
19425,pan,18,18,12.29,4.72,1.53,1,"(4.5,5]","(4.5,4.75]",1.089551883,"(1,2]",3,TRUE,"(4.5,5].(1,2].3"
12905,hit,20,20,275,4.75,2.83,1,"(4.5,5]","(4.5,4.75]",2.439332694,"(2,3]",3,TRUE,"(4.5,5].(2,3].3"
13068,hop,19,19,19.16,4.84,2.17,1,"(4.5,5]","(4.75,5]",1.282395505,"(1,2]",3,TRUE,"(4.5,5].(1,2].3"
2192,bat,20,20,20.63,4.85,1.73,1,"(4.5,5]","(4.75,5]",1.314499228,"(1,2]",3,TRUE,"(4.5,5].(1,2].3"
9968,far,22,22,220.76,4.88,1.57,1,"(4.5,5]","(4.75,5]",2.343920385,"(2,3]",3,TRUE,"(4.5,5].(2,3].3"
12174,gum,18,18,13.39,4.89,1.13,1,"(4.5,5]","(4.75,5]",1.126780577,"(1,2]",3,TRUE,"(4.5,5].(1,2].3"
5896,cop,18,18,86.14,4.94,1.3,1,"(4.5,5]","(4.75,5]",1.935204867,"(1,2]",3,TRUE,"(4.5,5].(1,2].3"
10397,fix,18,18,86.78,5,1.88,1,"(4.5,5]","(4.75,5]",1.938419646,"(1,2]",3,TRUE,"(4.5,5].(1,2].3"
27020,tag,20,20,13.88,5,1.81,1,"(4.5,5]","(4.75,5]",1.142389466,"(1,2]",3,TRUE,"(4.5,5].(1,2].3"
10919,fox,22,22,21.61,5.02,1.78,1,"(5,5.5]","(5,5.25]",1.334654767,"(1,2]",3,TRUE,"(5,5.5].(1,2].3"
19671,pat,22,22,18.29,5.07,2.12,1,"(5,5.5]","(5,5.25]",1.262213705,"(1,2]",3,TRUE,"(5,5.5].(1,2].3"
12744,her,20,20,2835.82,5.09,2.45,1,"(5,5.5]","(5,5.25]",3.452678661,"(3,4]",3,TRUE,"(5,5.5].(3,4].3"
17338,mix,18,18,16.35,5.11,1.71,1,"(5,5.5]","(5,5.25]",1.213517757,"(1,2]",3,TRUE,"(5,5.5].(1,2].3"
17538,mop,19,19,4.14,5.11,1.91,1,"(5,5.5]","(5,5.25]",0.617000341,"(0,1]",3,TRUE,"(5,5.5].(0,1].3"
19849,pen,19,19,24.73,5.11,1.29,1,"(5,5.5]","(5,5.25]",1.393224116,"(1,2]",3,TRUE,"(5,5.5].(1,2].3"
21731,pup,19,19,3.22,5.11,3.78,1,"(5,5.5]","(5,5.25]",0.507855872,"(0,1]",3,TRUE,"(5,5.5].(0,1].3"
22144,rat,18,18,32.61,5.11,2.25,1,"(5,5.5]","(5,5.25]",1.513350799,"(1,2]",3,TRUE,"(5,5.5].(1,2].3"
10011,fat,20,20,79.43,5.15,1.84,1,"(5,5.5]","(5,5.25]",1.899984563,"(1,2]",3,TRUE,"(5,5.5].(1,2].3"
17707,mug,20,20,6.84,5.15,2.03,1,"(5,5.5]","(5,5.25]",0.835056102,"(0,1]",3,TRUE,"(5,5.5].(0,1].3"
28347,tug,18,18,2.75,5.17,2.2,1,"(5,5.5]","(5,5.25]",0.439332694,"(0,1]",3,TRUE,"(5,5.5].(0,1].3"
29760,van,21,20,51.78,5.2,2.76,0.95,"(5,5.5]","(5,5.25]",1.714162046,"(1,2]",3,TRUE,"(5,5.5].(1,2].3"
18533,nut,19,19,15.63,5.21,1.69,1,"(5,5.5]","(5,5.25]",1.193958978,"(1,2]",3,TRUE,"(5,5.5].(1,2].3"
11168,fur,18,18,8.27,5.22,2.05,1,"(5,5.5]","(5,5.25]",0.91750551,"(0,1]",3,TRUE,"(5,5.5].(0,1].3"
22036,rag,18,18,4.78,5.22,2.05,1,"(5,5.5]","(5,5.25]",0.679427897,"(0,1]",3,TRUE,"(5,5.5].(0,1].3"
24901,six,20,20,199.53,5.25,1.86,1,"(5,5.5]","(5,5.25]",2.300008203,"(2,3]",3,TRUE,"(5,5.5].(2,3].3"
31101,zip,37,37,7.63,5.3,2.7,1,"(5,5.5]","(5.25,5.5]",0.882524538,"(0,1]",3,TRUE,"(5,5.5].(0,1].3"
11333,gas,19,19,67.78,5.32,1.97,1,"(5,5.5]","(5.25,5.5]",1.831101565,"(1,2]",3,TRUE,"(5,5.5].(1,2].3"
14903,jet,18,18,14.14,5.39,2.52,1,"(5,5.5]","(5.25,5.5]",1.150449409,"(1,2]",3,TRUE,"(5,5.5].(1,2].3"
14934,job,18,18,413,5.39,2.06,1,"(5,5.5]","(5.25,5.5]",2.615950052,"(2,3]",3,TRUE,"(5,5.5].(2,3].3"
6491,cub,20,20,2.1,5.4,2.04,1,"(5,5.5]","(5.25,5.5]",0.322219295,"(0,1]",3,TRUE,"(5,5.5].(0,1].3"
27717,tip,19,19,27.63,5.42,2.34,1,"(5,5.5]","(5.25,5.5]",1.441380885,"(1,2]",3,TRUE,"(5,5.5].(1,2].3"
14854,jar,18,18,8.31,5.44,2.18,1,"(5,5.5]","(5.25,5.5]",0.919601024,"(0,1]",3,TRUE,"(5,5.5].(0,1].3"
2017,bam,18,14,7.08,5.5,2.85,0.78,"(5,5.5]","(5.25,5.5]",0.850033258,"(0,1]",3,TRUE,"(5,5.5].(0,1].3"
3883,cap,19,19,18.75,5.53,2.01,1,"(5.5,6]","(5.5,5.75]",1.273001272,"(1,2]",3,TRUE,"(5.5,6].(1,2].3"
12183,gun,19,19,213.2,5.58,2.52,1,"(5.5,6]","(5.5,5.75]",2.3287872,"(2,3]",3,TRUE,"(5.5,6].(2,3].3"
16507,map,20,20,31.82,5.6,2.06,1,"(5.5,6]","(5.5,5.75]",1.502700175,"(1,2]",3,TRUE,"(5.5,6].(1,2].3"
18261,nod,21,21,3.98,5.62,2.91,1,"(5.5,6]","(5.5,5.75]",0.599883072,"(0,1]",3,TRUE,"(5.5,6].(0,1].3"
9948,fan,19,19,35.14,5.63,2.54,1,"(5.5,6]","(5.5,5.75]",1.545801757,"(1,2]",3,TRUE,"(5.5,6].(1,2].3"
10089,fed,20,20,15.88,5.68,2.66,1,"(5.5,6]","(5.5,5.75]",1.200850498,"(1,2]",3,TRUE,"(5.5,6].(1,2].3"
7164,den,21,20,6.12,5.7,1.66,0.95,"(5.5,6]","(5.5,5.75]",0.786751422,"(0,1]",3,TRUE,"(5.5,6].(0,1].3"
12935,hog,20,20,5.12,5.7,2.27,1,"(5.5,6]","(5.5,5.75]",0.709269961,"(0,1]",3,TRUE,"(5.5,6].(0,1].3"
10391,fit,19,19,57.59,5.74,1.66,1,"(5.5,6]","(5.5,5.75]",1.760347079,"(1,2]",3,TRUE,"(5.5,6].(1,2].3"
19378,pal,19,19,57.59,5.74,2.54,1,"(5.5,6]","(5.5,5.75]",1.760347079,"(1,2]",3,TRUE,"(5.5,6].(1,2].3"
2348,beg,18,18,50.98,5.78,2.32,1,"(5.5,6]","(5.75,6]",1.707399831,"(1,2]",3,TRUE,"(5.5,6].(1,2].3"
3532,bun,19,19,2.88,5.79,2.74,1,"(5.5,6]","(5.75,6]",0.459392488,"(0,1]",3,TRUE,"(5.5,6].(0,1].3"
13224,hum,22,22,4.82,5.8,2.24,1,"(5.5,6]","(5.75,6]",0.683047038,"(0,1]",3,TRUE,"(5.5,6].(0,1].3"
15002,jug,18,18,2.63,5.83,1.86,1,"(5.5,6]","(5.75,6]",0.419955748,"(0,1]",3,TRUE,"(5.5,6].(0,1].3"
27104,tap,19,19,14.75,5.84,2.87,1,"(5.5,6]","(5.75,6]",1.16879202,"(1,2]",3,TRUE,"(5.5,6].(1,2].3"
15735,lid,20,20,4.92,5.95,3.09,1,"(5.5,6]","(5.75,6]",0.691965103,"(0,1]",3,TRUE,"(5.5,6].(0,1].3"
20896,pot,19,19,22.53,5.95,3.99,1,"(5.5,6]","(5.75,6]",1.352761192,"(1,2]",3,TRUE,"(5.5,6].(1,2].3"
23514,rub,19,19,15.45,6,2.89,1,"(5.5,6]","(5.75,6]",1.188928484,"(1,2]",3,TRUE,"(5.5,6].(1,2].3"
24419,set,19,18,231.47,6,3.03,0.95,"(5.5,6]","(5.75,6]",2.364494712,"(2,3]",3,TRUE,"(5.5,6].(2,3].3"
23320,rip,18,18,20.16,6.11,3.41,1,"(6,6.5]","(6,6.25]",1.304490528,"(1,2]",3,TRUE,"(6,6.5].(1,2].3"
20407,pit,21,21,13.22,6.14,2.37,1,"(6,6.5]","(6,6.25]",1.121231455,"(1,2]",3,TRUE,"(6,6.5].(1,2].3"
2924,bob,21,20,91.49,6.16,1.97,0.95,"(6,6.5]","(6,6.25]",1.961373628,"(1,2]",3,TRUE,"(6,6.5].(1,2].3"
12879,hip,18,18,15.41,6.17,2.64,1,"(6,6.5]","(6,6.25]",1.187802639,"(1,2]",3,TRUE,"(6,6.5].(1,2].3"
10657,fog,19,19,9.45,6.21,2.2,1,"(6,6.5]","(6,6.25]",0.975431809,"(0,1]",3,TRUE,"(6,6.5].(0,1].3"
11240,gal,19,19,14.22,6.21,3.34,1,"(6,6.5]","(6,6.25]",1.152899596,"(1,2]",3,TRUE,"(6,6.5].(1,2].3"
14945,jog,19,19,2.41,6.21,2.68,1,"(6,6.5]","(6,6.25]",0.382017043,"(0,1]",3,TRUE,"(6,6.5].(0,1].3"
16081,lot,20,20,569.92,6.26,2.25,1,"(6,6.5]","(6.25,6.5]",2.755813898,"(2,3]",3,TRUE,"(6,6.5].(2,3].3"
23247,rib,20,20,5.9,6.3,1.75,1,"(6,6.5]","(6.25,6.5]",0.770852012,"(0,1]",3,TRUE,"(6,6.5].(0,1].3"
3068,bop,19,16,1.84,6.31,2.77,0.84,"(6,6.5]","(6.25,6.5]",0.264817823,"(0,1]",3,TRUE,"(6,6.5].(0,1].3"
24882,sir,19,19,964.47,6.37,3.04,1,"(6,6.5]","(6.25,6.5]",2.984288723,"(2,3]",3,TRUE,"(6,6.5].(2,3].3"
12731,hen,18,18,3.2,6.39,2.81,1,"(6,6.5]","(6.25,6.5]",0.505149978,"(0,1]",3,TRUE,"(6,6.5].(0,1].3"
2681,bit,19,19,235.04,6.47,2.55,1,"(6,6.5]","(6.25,6.5]",2.371141778,"(2,3]",3,TRUE,"(6,6.5].(2,3].3"
10205,fib,18,18,1.27,6.5,2.57,1,"(6,6.5]","(6.25,6.5]",0.103803721,"(0,1]",3,TRUE,"(6,6.5].(0,1].3"
15201,kit,20,20,17.65,6.55,2.76,1,"(6.5,7]","(6.5,6.75]",1.24674471,"(1,2]",3,TRUE,"(6.5,7].(1,2].3"
26391,sub,20,20,7.65,6.55,1.88,1,"(6.5,7]","(6.5,6.75]",0.883661435,"(0,1]",3,TRUE,"(6.5,7].(0,1].3"
14841,jam,18,18,13.53,6.56,4,1,"(6.5,7]","(6.5,6.75]",1.131297797,"(1,2]",3,TRUE,"(6.5,7].(1,2].3"
31076,zap,18,18,2.45,6.56,2.45,1,"(6.5,7]","(6.5,6.75]",0.389166084,"(0,1]",3,TRUE,"(6.5,7].(0,1].3"
6710,dam,19,19,5.75,6.58,1.54,1,"(6.5,7]","(6.5,6.75]",0.759667845,"(0,1]",3,TRUE,"(6.5,7].(0,1].3"
6682,dab,18,18,1.12,6.72,2.4,1,"(6.5,7]","(6.5,6.75]",0.049218023,"(0,1]",3,TRUE,"(6.5,7].(0,1].3"
15987,log,19,19,11.96,6.74,3.18,1,"(6.5,7]","(6.5,6.75]",1.07773118,"(1,2]",3,TRUE,"(6.5,7].(1,2].3"
24852,sin,19,19,15.94,6.74,2.62,1,"(6.5,7]","(6.5,6.75]",1.202488317,"(1,2]",3,TRUE,"(6.5,7].(1,2].3"
23266,rid,20,19,59.84,6.79,2.3,0.95,"(6.5,7]","(6.75,7]",1.776991585,"(1,2]",3,TRUE,"(6.5,7].(1,2].3"
27692,tin,19,19,8.65,6.79,2.32,1,"(6.5,7]","(6.75,7]",0.937016107,"(0,1]",3,TRUE,"(6.5,7].(0,1].3"
19834,peg,22,21,36.41,6.83,2.29,0.95,"(6.5,7]","(6.75,7]",1.561220679,"(1,2]",3,TRUE,"(6.5,7].(1,2].3"
2079,bar,21,21,85.98,6.9,2.62,1,"(6.5,7]","(6.75,7]",1.934397441,"(1,2]",3,TRUE,"(6.5,7].(1,2].3"
3670,cab,18,18,35.8,6.94,2.86,1,"(6.5,7]","(6.75,7]",1.553883027,"(1,2]",3,TRUE,"(6.5,7].(1,2].3"
2481,bet,19,19,171.82,7,2.43,1,"(6.5,7]","(6.75,7]",2.235073715,"(2,3]",3,TRUE,"(6.5,7].(2,3].3"
7652,dip,21,21,7.96,7,2.81,1,"(6.5,7]","(6.75,7]",0.900913068,"(0,1]",3,TRUE,"(6.5,7].(0,1].3"
18082,net,21,21,15.55,7,2.9,1,"(6.5,7]","(6.75,7]",1.191730393,"(1,2]",3,TRUE,"(6.5,7].(1,2].3"
27901,tot,18,18,1.06,7,3.24,1,"(6.5,7]","(6.75,7]",0.025305865,"(0,1]",3,TRUE,"(6.5,7].(0,1].3"
3455,bud,20,20,35.45,7.01,1.5,1,"(7,7.5]","(7,7.5]",1.54961624,"(1,2]",3,TRUE,"(7,7.5].(1,2].3"
27077,tan,21,21,8.61,7.05,3.14,1,"(7,7.5]","(7,7.5]",0.935003151,"(0,1]",3,TRUE,"(7,7.5].(0,1].3"
7607,dim,18,18,4.76,7.06,2.62,1,"(7,7.5]","(7,7.5]",0.677606953,"(0,1]",3,TRUE,"(7,7.5].(0,1].3"
26593,sum,20,20,10.25,7.1,1.29,1,"(7,7.5]","(7,7.5]",1.010723865,"(1,2]",3,TRUE,"(7,7.5].(1,2].3"
12222,gut,18,18,9.75,7.17,3,1,"(7,7.5]","(7,7.5]",0.989004616,"(0,1]",3,TRUE,"(7,7.5].(0,1].3"
11403,gel,19,19,1.63,7.21,3.26,1,"(7,7.5]","(7,7.5]",0.212187604,"(0,1]",3,TRUE,"(7,7.5].(0,1].3"
27118,tar,19,18,3.14,7.22,2.62,0.95,"(7,7.5]","(7,7.5]",0.496929648,"(0,1]",3,TRUE,"(7,7.5].(0,1].3"
23376,rob,18,18,23.29,7.28,2.78,1,"(7,7.5]","(7,7.5]",1.367169489,"(1,2]",3,TRUE,"(7,7.5].(1,2].3"
10289,fin,21,20,3.41,7.3,3.36,0.95,"(7,7.5]","(7,7.5]",0.532754379,"(0,1]",3,TRUE,"(7,7.5].(0,1].3"
15326,lad,18,17,14.43,7.35,2.18,0.94,"(7,7.5]","(7,7.5]",1.159266331,"(1,2]",3,TRUE,"(7,7.5].(1,2].3"
23392,rod,19,19,10.73,7.42,3.13,1,"(7,7.5]","(7,7.5]",1.030599722,"(1,2]",3,TRUE,"(7,7.5].(1,2].3"
27813,ton,19,19,7.49,7.42,2.36,1,"(7,7.5]","(7,7.5]",0.874481818,"(0,1]",3,TRUE,"(7,7.5].(0,1].3"
17755,mum,19,19,21.73,7.47,4.13,1,"(7,7.5]","(7,7.5]",1.337059726,"(1,2]",3,TRUE,"(7,7.5].(1,2].3"
22511,ref,18,16,2.53,7.5,2.31,0.89,"(7,7.5]","(7,7.5]",0.403120521,"(0,1]",3,TRUE,"(7,7.5].(0,1].3"
6046,cot,19,19,2,7.53,2.32,1,"(7.5,8]","(7.5,8]",0.301029996,"(0,1]",3,TRUE,"(7.5,8].(0,1].3"
23765,sap,19,19,3.49,7.53,3.64,1,"(7.5,8]","(7.5,8]",0.542825427,"(0,1]",3,TRUE,"(7.5,8].(0,1].3"
23459,rot,21,21,7.73,7.57,2.27,1,"(7.5,8]","(7.5,8]",0.888179494,"(0,1]",3,TRUE,"(7.5,8].(0,1].3"
11229,gag,19,19,7.06,7.58,3.1,1,"(7.5,8]","(7.5,8]",0.848804701,"(0,1]",3,TRUE,"(7.5,8].(0,1].3"
11409,gem,19,19,2.47,7.68,2.81,1,"(7.5,8]","(7.5,8]",0.392696953,"(0,1]",3,TRUE,"(7.5,8].(0,1].3"
21778,pus,18,18,1,7.78,1.99,1,"(7.5,8]","(7.5,8]",0,NA,3,TRUE,NA
29940,vet,18,18,5.8,7.78,4.47,1,"(7.5,8]","(7.5,8]",0.763427994,"(0,1]",3,TRUE,"(7.5,8].(0,1].3"
15156,kin,19,18,4.27,7.83,5.19,0.95,"(7.5,8]","(7.5,8]",0.630427875,"(0,1]",3,TRUE,"(7.5,8].(0,1].3"
18231,nip,19,18,3.24,7.94,3.11,0.95,"(7.5,8]","(7.5,8]",0.51054501,"(0,1]",3,TRUE,"(7.5,8].(0,1].3"
20624,pod,20,19,8,7.95,3.87,0.95,"(7.5,8]","(7.5,8]",0.903089987,"(0,1]",3,TRUE,"(7.5,8].(0,1].3"
23303,rim,19,19,2.45,8.05,2.66,1,"(8,8.5]","(8,8.5]",0.389166084,"(0,1]",3,TRUE,"(8,8.5].(0,1].3"
10251,fig,18,18,1.22,8.06,2.82,1,"(8,8.5]","(8,8.5]",0.086359831,"(0,1]",3,TRUE,"(8,8.5].(0,1].3"
27629,tic,18,17,1.51,8.06,3.6,0.94,"(8,8.5]","(8,8.5]",0.178976947,"(0,1]",3,TRUE,"(8,8.5].(0,1].3"
13308,hut,20,20,13.22,8.1,2.49,1,"(8,8.5]","(8,8.5]",1.121231455,"(1,2]",3,TRUE,"(8,8.5].(1,2].3"
3520,bum,19,19,15.43,8.11,3.3,1,"(8,8.5]","(8,8.5]",1.188365926,"(1,2]",3,TRUE,"(8,8.5].(1,2].3"
11303,gap,18,18,4.27,8.22,1.93,1,"(8,8.5]","(8,8.5]",0.630427875,"(0,1]",3,TRUE,"(8,8.5].(0,1].3"
22077,ram,19,19,6.43,8.32,3.33,1,"(8,8.5]","(8,8.5]",0.808210973,"(0,1]",3,TRUE,"(8,8.5].(0,1].3"
18522,nun,18,18,6.96,8.39,3.29,1,"(8,8.5]","(8,8.5]",0.84260924,"(0,1]",3,TRUE,"(8,8.5].(0,1].3"
14806,jab,19,19,3.35,8.42,1.84,1,"(8,8.5]","(8,8.5]",0.525044807,"(0,1]",3,TRUE,"(8,8.5].(0,1].3"
8104,doc,19,17,80.82,8.53,4.93,0.89,"(8.5,9]","(8.5,9]",1.907518846,"(1,2]",3,TRUE,"(8.5,9].(1,2].3"
8464,dud,20,20,1.25,8.55,2.72,1,"(8.5,9]","(8.5,9]",0.096910013,"(0,1]",3,TRUE,"(8.5,9].(0,1].3"
8475,duh,20,19,3.98,8.58,5.01,0.95,"(8.5,9]","(8.5,9]",0.599883072,"(0,1]",3,TRUE,"(8.5,9].(0,1].3"
18403,nor,21,21,35.98,8.61,2.16,1,"(8.5,9]","(8.5,9]",1.556061159,"(1,2]",3,TRUE,"(8.5,9].(1,2].3"
20952,pox,19,18,1.47,8.61,2.66,0.95,"(8.5,9]","(8.5,9]",0.167317335,"(0,1]",3,TRUE,"(8.5,9].(0,1].3"
19915,per,21,21,22.37,8.66,1.67,1,"(8.5,9]","(8.5,9]",1.349665984,"(1,2]",3,TRUE,"(8.5,9].(1,2].3"
14917,jig,20,20,1.71,8.7,3.21,1,"(8.5,9]","(8.5,9]",0.23299611,"(0,1]",3,TRUE,"(8.5,9].(0,1].3"
15296,lab,21,21,39.61,8.71,2.9,1,"(8.5,9]","(8.5,9]",1.597804842,"(1,2]",3,TRUE,"(8.5,9].(1,2].3"
19903,pep,20,20,3.49,8.75,2.79,1,"(8.5,9]","(8.5,9]",0.542825427,"(0,1]",3,TRUE,"(8.5,9].(0,1].3"
23847,sax,19,16,1.25,8.75,3.15,0.84,"(8.5,9]","(8.5,9]",0.096910013,"(0,1]",3,TRUE,"(8.5,9].(0,1].3"
19335,pad,18,18,8.14,8.83,3.01,1,"(8.5,9]","(8.5,9]",0.910624405,"(0,1]",3,TRUE,"(8.5,9].(0,1].3"
27168,tax,18,18,14.55,8.94,3.04,1,"(8.5,9]","(8.5,9]",1.162862993,"(1,2]",3,TRUE,"(8.5,9].(1,2].3"
23284,rig,19,19,8.63,8.95,2.74,1,"(8.5,9]","(8.5,9]",0.936010796,"(0,1]",3,TRUE,"(8.5,9].(0,1].3"
7624,din,18,11,1.18,9,3.63,0.61,"(8.5,9]","(8.5,9]",0.071882007,"(0,1]",3,TRUE,"(8.5,9].(0,1].3"
23607,sac,19,16,1.29,9,4.23,0.84,"(8.5,9]","(8.5,9]",0.11058971,"(0,1]",3,TRUE,"(8.5,9].(0,1].3"
25289,sob,18,18,1.51,9,4.34,1,"(8.5,9]","(8.5,9]",0.178976947,"(0,1]",3,TRUE,"(8.5,9].(0,1].3"
22112,rap,21,21,13.04,9.14,3.53,1,"(9,9.5]","(9,9.5]",1.115277591,"(1,2]",3,TRUE,"(9,9.5].(1,2].3"
21671,pug,18,18,1.02,9.17,3.68,1,"(9,9.5]","(9,9.5]",0.008600172,"(0,1]",3,TRUE,"(9,9.5].(0,1].3"
23596,rut,18,18,1.53,9.17,2.31,1,"(9,9.5]","(9,9.5]",0.184691431,"(0,1]",3,TRUE,"(9,9.5].(0,1].3"
17886,nag,19,19,2.18,9.21,5.06,1,"(9,9.5]","(9,9.5]",0.338456494,"(0,1]",3,TRUE,"(9,9.5].(0,1].3"
3781,cam,22,19,3.78,9.23,2.85,0.86,"(9,9.5]","(9,9.5]",0.5774918,"(0,1]",3,TRUE,"(9,9.5].(0,1].3"
27015,tad,19,19,4.67,9.32,3.77,1,"(9,9.5]","(9,9.5]",0.669316881,"(0,1]",3,TRUE,"(9,9.5].(0,1].3"
26979,tab,18,18,5.76,9.33,3.79,1,"(9,9.5]","(9,9.5]",0.760422483,"(0,1]",3,TRUE,"(9,9.5].(0,1].3"
15339,lag,19,18,1.47,9.39,2.57,0.95,"(9,9.5]","(9,9.5]",0.167317335,"(0,1]",3,TRUE,"(9,9.5].(0,1].3"
16762,med,19,16,6.75,9.5,3.65,0.84,"(9,9.5]","(9,9.5]",0.829303773,"(0,1]",3,TRUE,"(9,9.5].(0,1].3"
22817,rep,19,16,5.16,9.5,2.48,0.84,"(9,9.5]","(9,9.5]",0.712649702,"(0,1]",3,TRUE,"(9,9.5].(0,1].3"
24172,sec,19,18,17.2,9.61,3.68,0.95,"(9.5,10]","(9.5,10]",1.235528447,"(1,2]",3,TRUE,"(9.5,10].(1,2].3"
5424,con,22,22,12.63,9.64,3.17,1,"(9.5,10]","(9.5,10]",1.101403351,"(1,2]",3,TRUE,"(9.5,10].(1,2].3"
17347,mob,18,18,12.94,9.67,3.09,1,"(9.5,10]","(9.5,10]",1.111934276,"(1,2]",3,TRUE,"(9.5,10].(1,2].3"
10055,fax,22,22,7,9.68,3.31,1,"(9.5,10]","(9.5,10]",0.84509804,"(0,1]",3,TRUE,"(9.5,10].(0,1].3"
9885,fag,18,18,5.39,9.72,3.01,1,"(9.5,10]","(9.5,10]",0.731588765,"(0,1]",3,TRUE,"(9.5,10].(0,1].3"
28428,tux,18,18,3.45,9.78,2.9,1,"(9.5,10]","(9.5,10]",0.537819095,"(0,1]",3,TRUE,"(9.5,10].(0,1].3"
24440,sex,19,19,152.18,9.79,2.57,1,"(9.5,10]","(9.5,10]",2.18235758,"(2,3]",3,TRUE,"(9.5,10].(2,3].3"
2531,bid,19,19,12.59,9.84,3.3,1,"(9.5,10]","(9.5,10]",1.10002573,"(1,2]",3,TRUE,"(9.5,10].(1,2].3"
29818,vat,19,19,1.49,9.84,3.92,1,"(9.5,10]","(9.5,10]",0.173186268,"(0,1]",3,TRUE,"(9.5,10].(0,1].3"
2697,biz,19,14,1.86,9.93,3.05,0.74,"(9.5,10]","(9.5,10]",0.269512944,"(0,1]",3,TRUE,"(9.5,10].(0,1].3"
12277,hag,19,18,1.78,10,3.65,0.95,"(9.5,10]","(9.5,10]",0.250420002,"(0,1]",3,TRUE,"(9.5,10].(0,1].3"
2021,ban,18,18,3.14,10.11,3.56,1,"(10,10.5]","(10,10.5]",0.496929648,"(0,1]",3,TRUE,"(10,10.5].(0,1].3"
13203,hub,18,18,3.06,10.11,3.03,1,"(10,10.5]","(10,10.5]",0.485721426,"(0,1]",3,TRUE,"(10,10.5].(0,1].3"
19495,par,19,19,4.96,10.16,3.24,1,"(10,10.5]","(10,10.5]",0.695481676,"(0,1]",3,TRUE,"(10,10.5].(0,1].3"
17031,mid,19,19,1.25,10.32,2.77,1,"(10,10.5]","(10,10.5]",0.096910013,"(0,1]",3,TRUE,"(10,10.5].(0,1].3"
27737,tit,37,37,3.35,10.32,3.49,1,"(10,10.5]","(10,10.5]",0.525044807,"(0,1]",3,TRUE,"(10,10.5].(0,1].3"
17135,min,19,11,4.29,10.45,5.16,0.58,"(10,10.5]","(10,10.5]",0.632457292,"(0,1]",3,TRUE,"(10,10.5].(0,1].3"
11539,gig,18,18,11.2,10.56,4.55,1,"(10.5,11]","(10.5,11]",1.049218023,"(1,2]",3,TRUE,"(10.5,11].(1,2].3"
7518,dib,18,13,1.84,10.62,5.2,0.72,"(10.5,11]","(10.5,11]",0.264817823,"(0,1]",3,TRUE,"(10.5,11].(0,1].3"
23158,rev,19,15,4.06,10.67,1.95,0.79,"(10.5,11]","(10.5,11]",0.608526034,"(0,1]",3,TRUE,"(10.5,11].(0,1].3"
20380,pip,20,15,2.57,10.69,5.73,0.75,"(10.5,11]","(10.5,11]",0.409933123,"(0,1]",3,TRUE,"(10.5,11].(0,1].3"
25318,sod,18,17,1.84,10.82,3.57,0.94,"(10.5,11]","(10.5,11]",0.264817823,"(0,1]",3,TRUE,"(10.5,11].(0,1].3"
17078,mil,19,15,2.86,10.87,5.46,0.79,"(10.5,11]","(10.5,11]",0.456366033,"(0,1]",3,TRUE,"(10.5,11].(0,1].3"
31107,zit,19,19,1.02,10.89,3.33,1,"(10.5,11]","(10.5,11]",0.008600172,"(0,1]",3,TRUE,"(10.5,11].(0,1].3"
16513,mar,19,19,4.02,10.95,4.74,1,"(10.5,11]","(10.5,11]",0.604226053,"(0,1]",3,TRUE,"(10.5,11].(0,1].3"
8448,dub,20,17,1.08,11.06,3.67,0.85,"(11,11.5]","(11,11.5]",0.033423755,"(0,1]",3,TRUE,"(11,11.5].(0,1].3"
21704,pun,19,19,1.84,11.21,3.65,1,"(11,11.5]","(11,11.5]",0.264817823,"(0,1]",3,TRUE,"(11,11.5].(0,1].3"
15507,lax,18,15,1.71,11.33,2.72,0.83,"(11,11.5]","(11,11.5]",0.23299611,"(0,1]",3,TRUE,"(11,11.5].(0,1].3"
5043,cod,21,20,2.24,11.5,4.14,0.95,"(11,11.5]","(11,11.5]",0.350248018,"(0,1]",3,TRUE,"(11,11.5].(0,1].3"
23550,rum,18,18,7.49,11.56,3.35,1,"(11.5,12]","(11.5,12]",0.874481818,"(0,1]",3,TRUE,"(11.5,12].(0,1].3"
8184,don,20,20,6295.78,11.65,4.08,1,"(11.5,12]","(11.5,12]",3.799049544,"(3,4]",3,TRUE,"(11.5,12].(3,4].3"
27149,tat,19,12,1.08,11.67,4.03,0.63,"(11.5,12]","(11.5,12]",0.033423755,"(0,1]",3,TRUE,"(11.5,12].(0,1].3"
11727,gob,21,13,11.14,11.84,4.5,0.62,"(11.5,12]","(11.5,12]",1.046885191,"(1,2]",3,TRUE,"(11.5,12].(1,2].3"
18247,nix,18,16,1.63,11.88,3.61,0.89,"(11.5,12]","(11.5,12]",0.212187604,"(0,1]",3,TRUE,"(11.5,12].(0,1].3"
21635,pub,19,19,3.73,12.05,3.84,1,"(12,12.5]","(12,12.5]",0.571708832,"(0,1]",3,TRUE,"(12,12.5].(0,1].3"
11557,gin,19,18,11.27,12.06,3.46,0.95,"(12,12.5]","(12,12.5]",1.051923916,"(1,2]",3,TRUE,"(12,12.5].(1,2].3"
15192,kip,19,10,1.88,12.3,3.47,0.53,"(12,12.5]","(12,12.5]",0.274157849,"(0,1]",3,TRUE,"(12,12.5].(0,1].3"
14829,jag,22,19,1.75,12.32,3.34,0.86,"(12,12.5]","(12,12.5]",0.243038049,"(0,1]",3,TRUE,"(12,12.5].(0,1].3"
12808,hex,20,19,1.29,12.42,4.02,0.95,"(12,12.5]","(12,12.5]",0.11058971,"(0,1]",3,TRUE,"(12,12.5].(0,1].3"
16150,lug,19,17,2.59,12.53,4.08,0.89,"(12.5,13]","(12.5,13]",0.413299764,"(0,1]",3,TRUE,"(12.5,13].(0,1].3"
17361,mod,19,15,1.29,12.6,3.72,0.79,"(12.5,13]","(12.5,13]",0.11058971,"(0,1]",3,TRUE,"(12.5,13].(0,1].3"
12739,hep,19,8,1.9,12.62,5.1,0.42,"(12.5,13]","(12.5,13]",0.278753601,"(0,1]",3,TRUE,"(12.5,13].(0,1].3"
19472,pap,19,14,1.29,13,4.69,0.74,"(12.5,13]","(12.5,13]",0.11058971,"(0,1]",3,TRUE,"(12.5,13].(0,1].3"
11411,gen,20,11,4.04,13.18,4.14,0.55,"(13,13.5]","(13,13.5]",0.606381365,"(0,1]",3,TRUE,"(13,13.5].(0,1].3"
15088,keg,18,17,3.43,13.41,3.69,0.94,"(13,13.5]","(13,13.5]",0.53529412,"(0,1]",3,TRUE,"(13,13.5].(0,1].3"
5203,com,19,11,34.31,15.27,5.35,0.58,"(15,15.5]","(15,15.5]",1.535420718,"(1,2]",3,TRUE,"(15,15.5].(1,2].3"
27868,tor,18,4,2.49,16.5,2.38,0.22,NA,NA,0.396199347,"(0,1]",3,TRUE,NA